{
"lengthUnit": "mil",
"components": {
	"fields": ["COMPONENT_NO", "COMPONENT_NAME", "LAYER", "X_COORDINATE", "Y_COORDINATE", "ANGLE"],
	"rows": [
		[1, "AFC", "B", 2287.4, 1346.46, 0],
		[2, "C1", "T", 185.04, 1389.76, 0],
		[3, "C2", "T", 350.39, 1389.76, 180],
		[4, "C3", "T", 271.65, 1283.47, 90],
		[5, "C4", "T", 468.5, 1295.28, 90],
		[6, "C5", "T", 389.76, 1125.98, 270],
		[7, "C6", "T", 437.01, 1125.98, 90],
		[8, "C7", "T", 1185.04, 1295.28, 270],
		[9, "C8", "T", 1184.49, 1027.66, 90],
		[10, "C9", "T", 1295.28, 944.88, 90],
		[11, "CN1", "T", 633.86, 681.1, 180],
		[12, "CN2", "T", 216.54, 681.1, 180],
		[13, "D1", "T", 1311.02, 1311.02, 90],
		[14, "F1", "T", 137.8, 1078.74, 90],
		[15, "L1", "T", 795.28, 1177.17, 0],
		[16, "PG", "T", 460.4, 935.58, 0],
		[17, "Q1", "T", 330.71, 921.26, 180],
		[18, "R1", "T", 413.39, 1051.18, 0],
		[19, "R2", "T", 342.52, 1059.06, 270],
		[20, "R3", "T", 342.52, 1141.73, 270],
		[21, "R4", "T", 295.28, 1059.06, 90],
		[22, "R5", "T", 295.28, 1141.73, 90],
		[23, "R6", "T", 478.35, 994.09, 0],
		[24, "R7", "T", 395.67, 994.09, 0],
		[25, "R8", "T", 312.99, 994.09, 0],
		[26, "R9", "T", 566.93, 893.7, 180],
		[27, "SERVO", "T", 1606.3, 1370.08, 0],
		[28, "U1", "T", 374.02, 1263.78, 0],
		[29, "PAD1", "T", 157.48, 157.48, 0],
		[30, "PAD1", "B", 157.48, 157.48, 0]
	]
},
"pins": {
	"fields": ["PIN_NO", "PIN_NAME", "PIN_X", "PIN_Y", "LAYER", "PIN_TYPE", "NET_NAME", "NET_TYPE", "PAD_SHAPE", "PAD_SIZEX", "PAD_SIZEY", "HOLE_SIZE", "PAD_ANGLE"],
	"rows": [
		[1, "AFC_1", 2385.83, 1346.45, "T", "DIP", "AFC_1", "", "R", 68.9, 68.9, 43.31, 180],
		[2, "AFC_1", 2385.83, 1346.45, "B", "DIP", "AFC_1", "", "R", 68.9, 68.9, 43.31, 180],
		[3, "AFC_2", 2287.4, 1346.45, "T", "DIP", "DIN", "", "C", 68.9, 68.9, 43.31, 180],
		[4, "AFC_2", 2287.4, 1346.45, "B", "DIP", "DIN", "", "C", 68.9, 68.9, 43.31, 180],
		[5, "AFC_3", 2188.98, 1346.45, "T", "DIP", "AFC_3", "", "C", 68.9, 68.9, 43.31, 180],
		[6, "AFC_3", 2188.98, 1346.45, "B", "DIP", "AFC_3", "", "C", 68.9, 68.9, 43.31, 180],
		[7, "C1_1", 145.67, 1389.76, "T", "SMD", "GND", "GND", "R", 55.51, 53.15, 0, 0],
		[8, "C1_2", 224.41, 1389.76, "T", "SMD", "VIN", "", "R", 55.51, 53.15, 0, 0],
		[9, "C2_1", 389.76, 1389.76, "T", "SMD", "GND", "GND", "R", 55.51, 53.15, 0, 180],
		[10, "C2_2", 311.02, 1389.76, "T", "SMD", "VIN", "", "R", 55.51, 53.15, 0, 180],
		[11, "C3_1", 271.65, 1262.01, "T", "SMD", "GND", "GND", "R", 31.11, 21.26, 0, 90],
		[12, "C3_2", 271.65, 1304.93, "T", "SMD", "VIN", "", "R", 31.11, 21.26, 0, 90],
		[13, "C4_1", 468.5, 1273.82, "T", "SMD", "$C4_1", "", "R", 31.11, 21.26, 0, 90],
		[14, "C4_2", 468.5, 1316.74, "T", "SMD", "$C4_2", "", "R", 31.11, 21.26, 0, 90],
		[15, "C5_1", 389.76, 1147.44, "T", "SMD", "$C5_1", "", "R", 31.11, 21.26, 0, 270],
		[16, "C5_2", 389.76, 1104.52, "T", "SMD", "+7V", "", "R", 31.11, 21.26, 0, 270],
		[17, "C6_1", 437.01, 1104.52, "T", "SMD", "AGND", "", "R", 31.11, 21.26, 0, 90],
		[18, "C6_2", 437.01, 1147.44, "T", "SMD", "$C6_2", "", "R", 31.11, 21.26, 0, 90],
		[19, "C7_1", 1185.04, 1385.54, "T", "SMD", "GND", "GND", "R", 58.47, 136.06, 0, 270],
		[20, "C7_2", 1185.04, 1205.02, "T", "SMD", "+7V", "", "R", 58.47, 136.06, 0, 270],
		[21, "C8_1", 1184.49, 937.4, "T", "SMD", "GND", "GND", "R", 58.47, 136.06, 0, 90],
		[22, "C8_2", 1184.49, 1117.92, "T", "SMD", "+7V", "", "R", 58.47, 136.06, 0, 90],
		[23, "C9_1", 1295.28, 923.42, "T", "SMD", "GND", "GND", "R", 31.11, 21.26, 0, 90],
		[24, "C9_2", 1295.28, 966.34, "T", "SMD", "+7V", "", "R", 31.11, 21.26, 0, 90],
		[25, "CN1_1", 692.91, 622.05, "T", "DIP", "L", "", "C", 78.74, 78.74, 47.24, 180],
		[26, "CN1_1", 692.91, 622.05, "B", "DIP", "L", "", "C", 78.74, 78.74, 47.24, 180],
		[27, "CN1_2", 692.91, 740.16, "T", "DIP", "GND", "GND", "C", 78.74, 78.74, 47.24, 180],
		[28, "CN1_2", 692.91, 740.16, "B", "DIP", "GND", "GND", "C", 78.74, 78.74, 47.24, 180],
		[29, "CN1_3", 574.8, 622.05, "T", "DIP", "H", "", "C", 78.74, 78.74, 47.24, 180],
		[30, "CN1_3", 574.8, 622.05, "B", "DIP", "H", "", "C", 78.74, 78.74, 47.24, 180],
		[31, "CN1_4", 574.8, 740.16, "T", "DIP", "$CN1_4", "", "C", 78.74, 78.74, 47.24, 180],
		[32, "CN1_4", 574.8, 740.16, "B", "DIP", "$CN1_4", "", "C", 78.74, 78.74, 47.24, 180],
		[33, "CN2_1", 275.59, 622.05, "T", "DIP", "L", "", "C", 78.74, 78.74, 47.24, 180],
		[34, "CN2_1", 275.59, 622.05, "B", "DIP", "L", "", "C", 78.74, 78.74, 47.24, 180],
		[35, "CN2_2", 275.59, 740.16, "T", "DIP", "GND", "GND", "C", 78.74, 78.74, 47.24, 180],
		[36, "CN2_2", 275.59, 740.16, "B", "DIP", "GND", "GND", "C", 78.74, 78.74, 47.24, 180],
		[37, "CN2_3", 157.48, 622.05, "T", "DIP", "H", "", "C", 78.74, 78.74, 47.24, 180],
		[38, "CN2_3", 157.48, 622.05, "B", "DIP", "H", "", "C", 78.74, 78.74, 47.24, 180],
		[39, "CN2_4", 157.48, 740.16, "T", "DIP", "$CN1_4", "", "C", 78.74, 78.74, 47.24, 180],
		[40, "CN2_4", 157.48, 740.16, "B", "DIP", "$CN1_4", "", "C", 78.74, 78.74, 47.24, 180],
		[41, "D1_1", 1311.02, 1267.81, "T", "SMD", "+7V", "", "R", 33.27, 17.91, 0, 270],
		[42, "D1_2", 1311.02, 1354.23, "T", "SMD", "GND", "GND", "R", 33.27, 17.91, 0, 270],
		[43, "F1_1", 137.8, 953.07, "T", "SMD", "$CN1_4", "", "R", 166.93, 150, 0, 90],
		[44, "F1_2", 137.8, 1204.41, "T", "SMD", "VIN", "", "R", 166.93, 150, 0, 90],
		[45, "L1_1", 559.06, 1177.17, "T", "SMD", "$C4_1", "", "R", 118.11, 236.22, 0, 0],
		[46, "L1_2", 1031.5, 1177.17, "T", "SMD", "+7V", "", "R", 118.11, 236.22, 0, 0],
		[47, "PG_1", 432.05, 935.58, "T", "SMD", "$Q1_3", "", "R", 31.5, 35.43, 0, 180],
		[48, "PG_2", 488.74, 935.58, "T", "SMD", "$R9_2", "", "R", 31.5, 35.43, 0, 180],
		[49, "Q1_1", 295.36, 946.85, "T", "SMD", "PG", "", "R", 36.85, 19.68, 0, 180],
		[50, "Q1_2", 295.36, 895.67, "T", "SMD", "GND", "GND", "R", 36.85, 19.68, 0, 180],
		[51, "Q1_3", 366.06, 921.26, "T", "SMD", "$Q1_3", "", "R", 36.85, 19.68, 0, 180],
		[52, "R1_1", 396.35, 1051.18, "T", "SMD", "+5V", "", "R", 22.27, 21.26, 0, 0],
		[53, "R1_2", 430.43, 1051.18, "T", "SMD", "PG", "", "R", 22.27, 21.26, 0, 0],
		[54, "R2_1", 342.52, 1076.1, "T", "SMD", "$C5_1", "", "R", 22.27, 21.26, 0, 270],
		[55, "R2_2", 342.52, 1042.02, "T", "SMD", "+7V", "", "R", 22.27, 21.26, 0, 270],
		[56, "R3_1", 342.52, 1158.77, "T", "SMD", "AGND", "", "R", 22.27, 21.26, 0, 270],
		[57, "R3_2", 342.52, 1124.69, "T", "SMD", "$C5_1", "", "R", 22.27, 21.26, 0, 270],
		[58, "R4_1", 295.28, 1042.02, "T", "SMD", "GND", "GND", "R", 22.27, 21.26, 0, 90],
		[59, "R4_2", 295.28, 1076.1, "T", "SMD", "AGND", "", "R", 22.27, 21.26, 0, 90],
		[60, "R5_1", 295.28, 1124.69, "T", "SMD", "AGND", "", "R", 22.27, 21.26, 0, 90],
		[61, "R5_2", 295.28, 1158.77, "T", "SMD", "$R5_2", "", "R", 22.27, 21.26, 0, 90],
		[62, "R6_1", 461.31, 994.09, "T", "SMD", "+5V", "", "R", 22.27, 21.26, 0, 0],
		[63, "R6_2", 495.39, 994.09, "T", "SMD", "GND", "GND", "R", 22.27, 21.26, 0, 0],
		[64, "R7_1", 378.63, 994.09, "T", "SMD", "$R7_1", "", "R", 22.27, 21.26, 0, 0],
		[65, "R7_2", 412.71, 994.09, "T", "SMD", "+5V", "", "R", 22.27, 21.26, 0, 0],
		[66, "R8_1", 295.95, 994.09, "T", "SMD", "+7V", "", "R", 22.27, 21.26, 0, 0],
		[67, "R8_2", 330.03, 994.09, "T", "SMD", "$R7_1", "", "R", 22.27, 21.26, 0, 0],
		[68, "R9_1", 583.97, 893.7, "T", "SMD", "+7V", "", "R", 22.27, 21.26, 0, 180],
		[69, "R9_2", 549.89, 893.7, "T", "SMD", "$R9_2", "", "R", 22.27, 21.26, 0, 180],
		[70, "SERVO_1", 1488.19, 1370.08, "T", "DIP", "DIN", "", "C", 62.99, 62.99, 40.16, 0],
		[71, "SERVO_1", 1488.19, 1370.08, "B", "DIP", "DIN", "", "C", 62.99, 62.99, 40.16, 0],
		[72, "SERVO_2", 1606.3, 1370.08, "T", "DIP", "+7V", "", "C", 62.99, 62.99, 40.16, 0],
		[73, "SERVO_2", 1606.3, 1370.08, "B", "DIP", "+7V", "", "C", 62.99, 62.99, 40.16, 0],
		[74, "SERVO_3", 1724.41, 1370.08, "T", "DIP", "GND", "GND", "C", 62.99, 62.99, 40.16, 0],
		[75, "SERVO_3", 1724.41, 1370.08, "B", "DIP", "GND", "GND", "C", 62.99, 62.99, 40.16, 0],
		[76, "U1_1", 344.5, 1211.91, "T", "SMD", "U1_1", "", "R", 23.62, 9.84, 0, 90],
		[77, "U1_2", 364.18, 1211.91, "T", "SMD", "$C5_1", "", "R", 23.62, 9.84, 0, 90],
		[78, "U1_3", 383.87, 1211.91, "T", "SMD", "AGND", "", "R", 23.62, 9.84, 0, 90],
		[79, "U1_4", 403.55, 1211.91, "T", "SMD", "PG", "", "R", 23.62, 9.84, 0, 90],
		[80, "U1_5", 429.14, 1230.41, "T", "SMD", "$C6_2", "", "R", 23.62, 9.84, 0, 0],
		[81, "U1_6", 407.49, 1281.6, "T", "SMD", "$C4_1", "", "R", 9.84, 66.93, 0, 90],
		[82, "U1_7", 429.14, 1301.28, "T", "SMD", "$C4_2", "", "R", 23.62, 9.84, 0, 0],
		[83, "U1_8", 348.43, 1315.65, "T", "SMD", "VIN", "", "P", 82.68, 38.19, 0, 0],
		[84, "U1_9", 348.43, 1258.76, "T", "SMD", "GND", "GND", "R", 15.75, 82.68, 0, 90],
		[85, "U1_10", 318.9, 1230.41, "T", "SMD", "$R5_2", "", "R", 23.62, 9.84, 0, 0],
		[86, "PAD1_101", 157.48, 157.48, "T", "DIP", "GND", "GND", "C", 236.22, 236.22, 141.73, 0],
		[87, "PAD1_101", 157.48, 157.48, "B", "DIP", "GND", "GND", "C", 236.22, 236.22, 141.73, 0]
	]
}
}